start_id,success,objective,impact_t1,min_1_15,max_1_15,B11,B22,B33
6,True,3.269238083564256e-05,1.1985392153216157,-0.24439796696742128,1.5314199376145838,0.17884419015821099,0.02113510723955893,0.183359067032579
74,True,3.269238084377235e-05,-0.04404969490760476,-0.07454345990812182,0.3205139917005395,0.17885386159762448,0.09648918425955141,0.20810249788339075
17,True,3.269238088839734e-05,-0.058747782918921534,-0.07343808336477152,0.3165677675684645,0.17885249510954926,0.09743689830698564,0.20830149135330792
0,True,3.269238088950058e-05,-0.09639310613254559,-0.09639310613254559,0.3066740205448709,0.17884471253996354,0.09985562876636575,0.20876583931557086
75,True,3.2692380907912035e-05,-0.3631109557012238,-0.38194298508575336,0.2778856376209328,0.17885075011415014,0.11692741523485467,0.21140219658818254
87,True,3.269238091343488e-05,-3.5639171223102553,-4.303586055688926,0.8241353480669708,0.17884523543524622,0.23631738215536408,0.16291794111512195
41,True,3.269238091523691e-05,-2.8283162011382927,-3.402305128225995,0.6687561700145903,0.17883607001047455,0.2251443797595959,0.18094096055734438
115,True,3.269238092398181e-05,-2.720111982477786,-3.2697354155811613,0.6458993204966125,0.17883855986846822,0.22284034979879655,0.183565391119079
55,True,3.269238092923634e-05,-1.3908037408994354,-1.6411120358920832,0.39915631838642507,0.17885639882826637,0.17604222123377555,0.20927470462202055
92,True,3.269238093606558e-05,-0.011934267812353993,-0.07692283697842034,0.3289664999991318,0.17884779954919128,0.09442064273468652,0.20767958749530083
64,True,3.2692380953287976e-05,-0.9553044268558706,-1.1074983131918525,0.3212027107007353,0.17885113570279138,0.15288297884776245,0.21259208443658592
72,True,3.26923809565696e-05,-2.8562077541295157,-3.4365202259128074,0.6746389398359574,0.17884950262358765,0.2256995235134164,0.18026455967457594
63,True,3.2692380970742195e-05,1.5144877611223968,-0.30221725687300527,1.9184794645395447,0.17885558835519424,0.004696113080175779,0.1756433985574983
69,True,3.269238098800818e-05,-0.9441953225634659,-1.0938893370376805,0.3192124554138035,0.1788387990685411,0.15224430525219004,0.2126317384982221
16,True,3.2692380994491596e-05,0.41737717227058335,-0.11979237180556597,0.6186247443068065,0.17884119945516191,0.06706605902746571,0.2006333897514609
46,True,3.269238099997302e-05,0.1654889827317544,-0.09006291035719405,0.4102627692324124,0.17885542387187356,0.08303577849254086,0.20507261043983419
76,True,3.269238100014531e-05,19.653139048111644,-4.080024828653004,24.142292885477538,0.1788538256760592,0.17316962724550086,0.03423002899185949
35,True,3.269238100166007e-05,-255.98129966185357,-313.5677910243348,54.1427614024034,0.17884302434878901,0.20035646213564282,0.0027744161904991985
73,True,3.269238100689092e-05,-17.05427971908607,-20.832126576877805,3.673727609442056,0.17884114363019352,0.22286672283022027,0.04259411978812254
8,True,3.269238101293728e-05,-0.7549943353872849,-0.8620961843929987,0.30120990481970894,0.17883747712856884,0.1411686804418512,0.21294336087515145
104,True,3.2692381013305885e-05,-890.1010446743958,-1090.4973168642757,188.0891549285761,0.17885033279996068,0.1990435314374803,0.0007962472367897209
38,True,3.2692381016177015e-05,0.5395332949621763,-0.1347661531295953,0.7475217317512753,0.17886175814868763,0.059483052300763395,0.1982360163687827
82,True,3.269238102737289e-05,-3764.0684073399652,-4611.705413317719,795.1639136851294,0.17884580239170964,0.19863967273067681,0.00018816908085620898
10,True,3.2692381028076615e-05,-32.14870556996881,-39.32601236024095,6.862142738710539,0.17884489901895412,0.21237271840597918,0.022438189972696133
81,True,3.269238103013529e-05,2.675736424060439,-0.5381404416136246,3.341341631580168,0.17883257106214134,0.04424133870075891,0.14797744848985497
68,True,3.269238103751117e-05,1.5732873864474706,-0.3141696694982114,1.990600029529473,0.17883818185452172,0.0017702583691044179,0.17418049973749067
49,True,3.269238105962927e-05,11.603722464445049,-2.3797547160591486,14.279954869463674,0.1788312101154953,0.1549229716722127,0.055288178779091764
4,True,3.2692381063755405e-05,-1.9654164713429785,-2.345092698216405,0.5020633682804594,0.17885772155259996,0.20076400944310238,0.20029102290118717
99,True,3.269238106408309e-05,-3.0837682488214586,-3.7152942622269554,0.7227143841404462,0.1788408113059057,0.22985287353113856,0.17467145384741425
125,True,3.2692381072036656e-05,-80.79333694888633,-98.9257518408231,17.137472426759846,0.17884135059011402,0.20423544626909762,0.00884095898138355
70,True,3.269238108137881e-05,-94.17757776835695,-115.32435083042914,19.96463163918981,0.17884558429942315,0.20344106345223584,0.007575939285313639
93,True,3.2692381086316385e-05,3.7120392163500973,-0.7486692248378988,4.610995144603041,0.1788473920364171,0.07484069986288316,0.12697113928310028
110,True,3.2692381127084595e-05,-0.08799115105765168,-0.08799115105765168,0.30886024135608686,0.17885726977835248,0.09932030513468268,0.20866750024985478
28,True,3.269238121273478e-05,0.20038037434306077,-0.09317191661656365,0.42856057142888476,0.1788583095995703,0.08080508747451462,0.20449841184376505
33,True,3.269238123666278e-05,-386.23043932968136,-473.1506947030319,81.65546155983937,0.17885042256121447,0.19973749218300774,0.0018370222442043486
119,True,3.2692381244544816e-05,0.18513901831968396,-0.09154439693599435,0.4206597914898991,0.17884916092232298,0.08177274589367295,0.20473925597001613
48,True,3.269238126683349e-05,-77.90549835522097,-95.38765197185417,16.527445962484755,0.17884350825414644,0.2044507903753744,0.009171305810707435
66,True,3.269238127350427e-05,-1.667637259401502e+21,-2.0432014476475737e+21,3.522591252878506e+20,0.17884927488568123,0.19850236523606543,4.246361250575973e-22
109,True,3.269238143107854e-05,-8.834802715295048,-10.761522216298635,1.9375157485364147,0.17882952774564026,0.23757416888871927,0.08113301725411128
80,True,3.26923814334165e-05,-73.09358999773757,-89.49219673785454,15.510987413149286,0.17885916527250945,0.20481702239125654,0.009780180299630896
15,True,3.269238150790734e-05,-3.5209489478135887,-4.25088882081925,0.8150700323774795,0.17884246775022564,0.23587050087744965,0.16395340352495158
11,True,3.2692381555322403e-05,-99.23747263725649,-121.52363257354678,21.033474747599147,0.17883087733066327,0.203208577055052,0.00718713215430717
12,True,3.269238169857196e-05,1.5997625824720094,-0.3195368841836708,2.022907270175394,0.1788714329907018,0.000503616872100065,0.17355094738415447
96,True,3.269238186969578e-05,-41.70744317692828,-51.0374558783415,8.88125678432791,0.1788460986821096,0.2093522474379245,0.017239122159930134
56,True,3.26923820303442e-05,1.6102081834348756,-0.3216553514754044,2.0356638273905343,0.1788697921090121,-5.642770216027116e-22,0.17330095605550225
113,True,3.269238219395335e-05,-16.87163823376234,-20.608323447011283,3.635153964958749,0.17883162081655704,0.2231007126727545,0.043057558222511914
59,True,3.269238251244952e-05,1.6088176287753664,-0.3213707791087793,2.033936397087286,0.17887433350139595,7.185115130572109e-05,0.17333950665343217
37,True,3.269238262530646e-05,1.6081332846140661,-0.3212310919971247,2.0330904020071054,0.17887367634804477,0.00010581835900871269,0.17335760181351667
79,True,3.269238266836799e-05,1.597078636089723,-0.3189887036337838,2.019585471048212,0.17886115980628559,0.0006349231691579128,0.17362323338718533
114,True,3.26923828322968e-05,1.58734629952199,-0.31700972399242855,2.007640827620981,0.17884841272176555,0.0011078135141585495,0.17386685938233534
102,True,3.2692382846128455e-05,1.6100301985314962,-0.3216152573757321,2.0354007266828353,0.17886751707510423,1.3024075633217873e-05,0.17331340260620556
30,True,3.269238285270839e-05,1.6097749319170702,-0.32156344087316996,2.035088459154113,0.17887467583760436,2.8225707709669125e-05,0.17331947146595397
58,True,3.269238337940627e-05,1.605614066688644,-0.32071764614200443,2.029984951226413,0.1788779978452963,0.00023219999835904479,0.17342291592810966
32,True,3.2692383836059946e-05,1.5703576695659036,-0.3135533757873348,1.9867690369800184,0.17888361278166537,0.0019601779670151073,0.17429559576971826
122,True,3.269238445627585e-05,1.608776458446837,-0.32139572308125175,2.034267102142825,0.17879986450994825,-3.495168803016547e-21,0.1732732191869356
47,True,3.269238653840984e-05,1.5385759949716091,-0.3070882822091275,1.9477333026886012,0.1788872070952306,0.003541098775105326,0.1750966865699353
121,True,3.2692389390808136e-05,0.6525760968105878,-0.15192705777383497,0.8663911484598801,0.17892505868557437,0.05261890636149439,0.1959534379631063
83,True,3.269263636694252e-05,-3.894225243627181e+20,-4.771522128407379e+20,8.225263167659993e+19,0.17856686560890056,0.1994101015859108,1.818186415941338e-21
95,True,4.341049092041763e-05,4.486386751228644e+17,-3.351518468236272e+17,1.769437639801051e+18,0.04951619403666692,2.498747194400186e-20,-1.3913695511096945e-19
123,True,4.341049133087115e-05,-4.338451671976733e+16,-1.7110732302901325e+17,3.2409678139730324e+16,0.04953044295500973,-1.6129959988726207e-18,1.4388329848325366e-18
78,True,4.445989629112547e-05,9.839133765173543e+19,-2.1010679858141004e+19,1.1946498213890594e+20,0.19855594444593583,1.455224418437024e-20,-7.32728667959448e-21
9,True,4.445989633557211e-05,4.2382828070296634e+17,-9.050515992275514e+16,5.146044644280471e+17,0.19855346210462824,-2.459351238619364e-20,-1.7010238339121036e-18
120,True,4.445989636444789e-05,3.620568273545985e+17,-7.731435485922851e+16,4.3960271844460614e+17,0.19855371756063595,6.8765145513881915e-18,-1.991239797847059e-18
100,True,4.445989641369832e-05,-2.9007883007144206e+19,-3.522081335158004e+19,6.194407416283412e+18,0.19854866253181958,1.3724606266423152e-20,2.4853338555684184e-20
39,True,4.445989643007642e-05,-2.461362371682807e+17,-2.9885399449207994e+17,5.256045240720668e+16,0.19855145702444177,-8.914530538187858e-20,2.9290373313011103e-18
105,True,4.4459896483418386e-05,5.888037336192641e+17,-1.2573436444470136e+17,7.149145712934156e+17,0.19855309410239577,2.1229055543453624e-18,-1.2244182523612346e-18
29,True,4.4459896651849383e-05,3.373292044508043e+17,-7.203391903152583e+16,4.095791275071792e+17,0.1985579754436685,-1.1562691318151308e-18,-2.137203642646875e-18
61,True,4.4459896919153425e-05,2.698656258268901e+17,-5.762764948692681e+16,3.276658999906398e+17,0.19855443309088272,1.0545190238517421e-17,-2.6714838373887217e-18
21,True,4.445989730539494e-05,1.4711197838760362e+17,-3.141462611271621e+16,1.786204890201954e+17,0.19854687702245763,-1.2967149367832983e-17,-4.900641026524752e-18
24,True,4.4459897392799416e-05,1.1262280923136083e+18,-2.40497347118103e+17,1.3674439410747615e+18,0.19854575359716783,-1.7677420593117572e-18,-6.401395918047241e-19
98,True,4.458387717928232e-05,-30.984234326259614,-35.76864610113775,7.062475983069535,-3.228929330791991e-19,0.39414757232967645,0.02314834597609805
31,True,4.458387719335162e-05,-154.03077750563136,-193.23828503749735,31.698184982406307,-5.877254901996438e-20,0.34450684785161123,0.0043209796708091885
84,True,4.4583877200572234e-05,29.12811360805487,-6.477775792649796,41.160691533098955,2.080234326544469e-17,0.1794231024846743,0.013187979722579925
13,True,4.458387720432929e-05,-28.122943481287226,-32.106464162312214,6.553472742372788,9.672301426953941e-19,0.38710094086145874,0.024863322628471157
45,True,4.458387721459806e-05,-50.80227615683867,-61.13142080879078,11.022134241191617,1.8318548629967893e-18,0.392423307828449,0.01446681788090542
20,True,4.458387722281145e-05,-59.41577537073112,-72.154623375043,12.743159006674087,8.000948043110988e-19,0.3852525668800255,0.012224418802843182
117,True,4.458387722577739e-05,-39.92551131495315,-47.21156983600241,8.848941316802224,1.1147828258934913e-17,0.3992415719456871,0.018497769709523378
107,True,4.4583877226640533e-05,-70.71001104010602,-86.60801059227654,14.999916939128042,1.437193016141792e-19,0.3765650689957964,0.010103626754298827
7,True,4.45838772365951e-05,-36.48233128678429,-42.80485750787627,8.161031871266273,-8.184462802400834e-21,0.39932812381066785,0.020138741862362832
97,True,4.458387726990481e-05,-39.690474175437195,-46.910672711298304,8.802001852174843,2.2132112800028297e-17,0.3993025873136,0.018603673943068957
77,True,4.45838772766015e-05,-51.00297370393838,-61.38770887405547,11.06235127283367,1.705162092703786e-19,0.39225965754896686,0.014406574937865844
90,True,4.45838773431483e-05,-44.06325706973948,-52.50693682297038,9.675675344301027,3.4915273299363814e-18,0.3973756894653905,0.016772699430595023
108,True,4.458387739420535e-05,-31.72508496778468,-36.71651079527906,7.210553469072041,-5.558148381925849e-19,0.3953873940963518,0.022717295440209243
53,True,4.458387739520305e-05,18.98805204243438,-4.607139327250556,28.18137826401785,-8.160029413861356e-18,0.13778092690037502,0.01632761628646112
86,True,4.458387740251941e-05,-40.22833259600003,-47.599080593265256,8.909452439740198,-1.4005745845171397e-18,0.3991581577098295,0.01836259534725754
36,True,4.458387740703495e-05,-30.397809892412667,-35.018074094110986,6.945324012030027,7.293175760558416e-18,0.39300972429071596,0.02349379466303932
124,True,4.458387771322452e-05,-36.310683278197146,-42.58547252834306,8.126676350595432,-6.224660348583781e-19,0.3992792253471134,0.020225731654130174
62,True,4.4583877798589895e-05,41.85847882775521,-9.032946894476495,57.46557923491615,3.4592393961758496e-18,0.21123441474986784,0.010514944178013784
40,True,4.458387796440469e-05,42.549741071390486,-9.176553768310608,58.34882193422141,-1.5981015110477744e-17,0.21259730353026637,0.01040023058851146
52,True,4.458387797111572e-05,97.24864002735565,-20.55052864070009,128.35915144057836,1.1304495208528257e-17,0.2646915729364019,0.005478668892439804
18,True,4.458388303213338e-05,72821.07152504465,-15141.245086646495,93193.79186292243,-8.36761095251527e-19,0.3132296614782985,8.441115478862368e-06
118,True,4.458388571047612e-05,4817530351.296235,-1001632559.0954123,6164751644.138863,-2.2995699985392532e-17,0.3133597854138185,1.2764163077911341e-10
25,True,4.4583890964840334e-05,1336451869.4564385,-277855520.2806004,1710056598.9806097,-1.4791140361872767e-18,0.31347323145567524,4.6025817631827656e-10
51,True,4.458389433437966e-05,687703414.5446199,-142966531.10696656,879828242.5848438,1.376077979402358e-18,0.31366899131179254,8.949426743036274e-10
2,True,4.4583894724097704e-05,855581.1661475035,-177861.8580355424,1094552.0846062405,-1.1359716800656387e-18,0.31373797146405824,7.194835567594993e-07
43,True,4.4583898686885356e-05,152428821.0311776,-31686504.871780187,194991442.33591637,-7.37955541336128e-19,0.31382579628052704,4.03945747196037e-09
19,True,4.4583938453961815e-05,843.6242350520159,-175.6200219377071,1082.1708454001418,-3.0931086756275953e-18,0.30922843425141755,0.0007209514621743824
3,True,4.4583988875291985e-05,-355.60265788234426,-451.87527448098035,73.66860974833851,5.859447551359735e-19,0.32488153069434034,0.001781895015541553
50,True,4.458777766028176e-05,3.3699454828181037e+17,-7.048937824043358e+16,4.360806441258248e+17,-8.103036263789272e-18,0.29746041631397585,-1.7423558101928913e-18
126,True,4.460034640642952e-05,-6.783339770654888e+17,-8.916633622660521e+17,1.4310050574780981e+17,-8.97398276978867e-19,0.2751620848036955,8.084148475129899e-19
85,True,4.460586770276047e-05,-2.7287211806308534e+17,-3.430415252860143e+17,5.619746600326079e+16,-1.0960069483454337e-17,0.3371706814127573,-2.408712328789418e-18
65,True,4.466153441471664e-05,-5.487979266301569e+17,-7.739183449681958e+17,1.2115241574748571e+17,-1.5969220014328613e-18,0.19021068568315364,7.283327435566361e-19
27,True,4.4666148775305805e-05,-1.6966552149610422e+17,-2.4085180598539827e+17,3.789788739825399e+16,4.760037832724685e-18,0.18378555237731542,2.2890515433360655e-18
44,True,4.474047390959222e-05,-4.274525581240488e+17,-7.766917095601832e+17,1.3002036804369672e+17,2.028805122624804e-18,0.07696434859632786,4.632771372366652e-19
106,True,4.4775634640051975e-05,5.2746489806352474e+17,-2.525552089044014e+17,1.3686832452193567e+18,1.5883165517929482e-18,0.026378176761414084,-2.0224836958076983e-19
26,True,4.4794509489801285e-05,8.481392374399989e+16,-6.678404727580134e+16,3.517322830779649e+17,-7.482106626586723e-18,1.0154841960707525e-18,-6.926104137762658e-19
54,True,4.479450954164084e-05,-2.51118034885757e+16,-1.0414129370675662e+17,1.977349651524514e+16,1.778510885365535e-17,1.4042979858794935e-18,2.3392583674130455e-18
89,True,4.479450960935655e-05,7.731756625159493e+16,-6.08812133607276e+16,3.206437772890151e+17,2.614174653468942e-18,-4.6079661993566e-18,-7.597636349922109e-19
103,True,4.479450964137765e-05,-1.7794240249345974e+18,-7.37946664718235e+18,1.4011528003480184e+18,5.290832230010641e-18,1.4099179432286683e-18,3.3012326370249087e-20
127,True,4.479450964230739e-05,-2.1744011277729964e+16,-9.01747883030678e+16,1.7121651523703864e+16,7.626094285055427e-18,2.0338989775954183e-18,2.7015693167420833e-18
1,True,4.479450992876483e-05,-1.1438261561989e+17,-4.7435885297179795e+17,9.00673954315597e+16,-1.779356759493015e-18,1.3908490038575984e-19,5.135634832185931e-19
22,True,4.479451000767417e-05,-5.67488892026203e+16,-2.3534422717682864e+17,4.468524113312035e+16,6.740673397213288e-18,9.43802039412966e-19,1.0351361289906328e-18
101,True,4.48155276901747e-05,-3618583931859394.5,-1.1251386392467861e+17,2.17088651711015e+16,-2.2364633966539e-18,0.028379416216572726,1.916618146257426e-18
116,True,4.481885147552393e-05,-255701307606400.88,-9790429545120234.0,5.047787092215004e+16,5.2924009091411e-19,0.03275539241017683,-4.202695551799681e-18
112,True,4.482212865277435e-05,4067080292984130.5,-9.517274188115374e+16,1.855657516149442e+16,7.638031725298619e-18,0.03703697499858699,2.1927349025122825e-18
71,True,4.4838005372073114e-05,2.262289945687246e+16,-9.418253839434386e+16,2.262289945687246e+16,1.9982887825351714e-18,0.05730037159224308,2.0383716986574643e-18
34,True,4.484969776067938e-05,-1.0929271301353144e+16,-1.0929271301353144e+16,2.7221889991306292e+16,-1.3669819978530988e-17,0.07168378206426923,-6.642295302223399e-18
67,True,4.4907502227746365e-05,7.512903974494779e+16,-6.125471410007655e+16,7.512903974494779e+16,-1.6135165368473805e-18,0.13545653855488526,2.5401476876061513e-18
42,True,4.492126337837654e-05,-1.501986572813662e+16,-1.501986572813662e+16,1.0740633387849968e+16,-3.3106254301344398e-18,0.148792429522825,-1.4364250669551535e-17
14,True,4.492214650366914e-05,-4.673852877725603e+16,-4.673852877725603e+16,3.3164028632368652e+16,2.1114911928594873e-18,0.1496243732995391,-4.649380824689539e-18
5,True,4.4955887079582505e-05,2.7629110151558384e+17,-1.522747741419604e+17,2.7629110151558384e+17,3.47185598326861e-19,0.17929854982714083,9.880805870550653e-19
88,True,4.504771787620076e-05,-3.0232749258682573e+18,-3.0232749258682573e+18,1.1556160867100675e+18,-6.449956725949296e-18,0.24158981837102184,-1.2940666285442067e-19
60,True,4.506217982184109e-05,-4.795680671047446e+16,-4.795680671047446e+16,1.773152601988237e+16,-2.1708580840167673e-18,0.24932669041757907,-8.467346346125298e-18
94,True,4.5101609545435435e-05,-1.121136072426219e+17,-1.1380387008665187e+17,3.834367981763683e+16,-1.139162162884232e-17,0.26810895540561663,-3.9446490187559505e-18
23,True,4.520411055392124e-05,4.692702646851366e+16,-1.3883428885185866e+16,4.907053702157299e+16,1.1274872061518076e-19,0.3044841091812504,1.09350521026854e-17
57,True,9.949019094521973e-05,1.0269501616568675e+17,-2.2585850540929212e+16,1.2155798328218955e+17,-7.522091931582666e-19,-5.05600190160089e-17,-7.183456603510389e-18
111,True,0.004731722554640106,-38.92880260803025,-46.27552960144453,8.578676849710298,6.639709846444916e-19,0.008500528978239958,0.018917276569657072
91,True,0.004734895809369704,-64.26894177500976,-75.76823040020193,14.256900674662136,0.0675520988802135,1.3321984001743473e-17,0.006881932219316193
